Mã CK,Tên công ty,Sàn,Nhóm ngành,Năm,CPI,"GDP
(tỷ đồng)","I. Tiền mặt, vàng bạc, đá quý",VI. Cho vay khách hàng,TỔNG CỘNG TÀI SẢN,II. Tiền gửi và vay các TCTD khác,III. Tiền gửi của khách hàng,TỔNG NỢ PHẢI TRẢ,VIII. Vốn và các quỹ,I. Thu nhập lãi thuần (1-2),6. Chi phí hoạt động khác,VIII. Chi phí hoạt động,XIII. Lợi nhuận sau thuế (XI-XII),"Nợ 
Nhóm 3","Nợ 
Nhóm 4","Nợ 
Nhóm 5",Time,INF
ACB,Ngân hàng TMCP Á Châu,HoSE,Trung gian tín dụng và các hoạt động liên quan,2020,103.23,6213035,6.96792E+12,3.08529E+14,4.4453E+14,2.38752E+13,3.53196E+14,4.09082E+14,3.54482E+13,1.45821E+13,2.15809E+11,7.62427E+12,7.68282E+12,2.12494E+11,4.11284E+11,1.21661E+12,2020,3.220934367
BAB,Ngân hàng TMCP Bắc Á,HNX,Trung gian tín dụng và các hoạt động liên quan,2020,103.23,6213035,6.38946E+11,7.86186E+13,1.17189E+14,1.3232E+13,8.64422E+13,1.08826E+14,8.36358E+12,2.03107E+12,16437000000,1.24039E+12,5.87794E+11,23123000000,2.71073E+11,3.33804E+11,2020,3.220934367
BaoVietBank,Ngân hàng TMCP Bảo Việt,OTC,Trung gian tín dụng và các hoạt động liên quan,2020,103.23,6213035,1.58454E+11,2.26527E+13,5.91875E+13,1.64635E+13,3.37411E+13,5.558E+13,3.60746E+12,5.23591E+11,17121604652,6.05377E+11,57044266651,1.3888E+11,3.95966E+11,1.1259E+12,2020,3.220934367
BID,Ngân hàng TMCP Đầu tư và Phát triển Việt Nam,HoSE,Trung gian tín dụng và các hoạt động liên quan,2020,103.23,6213035,1.22942E+13,1.19524E+15,1.51669E+15,8.22608E+13,1.22667E+15,1.43704E+15,7.96466E+13,3.57968E+13,2.90022E+12,1.7693E+13,7.22357E+12,2.38214E+12,2.46223E+12,1.65251E+13,2020,3.220934367
CTG,Ngân hàng TMCP Công Thương Việt Nam,HoSE,Trung gian tín dụng và các hoạt động liên quan,2020,103.23,6213035,9.93018E+12,1.00277E+15,1.34144E+15,1.28519E+14,9.90331E+14,1.25603E+15,8.54113E+13,3.55808E+13,7.85226E+11,1.60853E+13,1.37572E+13,1.85724E+12,1.61159E+12,6.05027E+12,2020,3.220934367
EIB,Ngân hàng TMCP Xuất nhập khẩu Việt Nam,HoSE,Trung gian tín dụng và các hoạt động liên quan,2020,103.23,6213035,2.07313E+12,9.94876E+13,1.60435E+14,6.32036E+12,1.33918E+14,1.43616E+14,1.68195E+13,3.31374E+12,39703000000,2.43868E+12,1.07018E+12,1.59488E+11,4.79162E+11,1.89581E+12,2020,3.220934367
HDB,Ngân hàng TMCP Phát triển TP. HCM,HoSE,Trung gian tín dụng và các hoạt động liên quan,2020,103.23,6213035,2.25726E+12,1.76388E+14,3.19127E+14,7.51756E+13,1.7462E+14,2.94423E+14,2.4704E+13,1.18977E+13,1.1125E+11,6.17283E+12,4.6471E+12,8.15E+11,8.03467E+11,7.38881E+11,2020,3.220934367
LPB,Ngân hàng TMCP Bưu điện Liên Việt,HoSE,Trung gian tín dụng và các hoạt động liên quan,2020,103.23,6213035,3.49927E+12,1.74356E+14,2.42343E+14,1.47451E+13,1.74526E+14,2.28111E+14,1.42317E+13,6.72017E+12,66676000000,4.64515E+12,1.86191E+12,4.04729E+11,3.56353E+11,1.76627E+12,2020,3.220934367
MBB,Ngân hàng TMCP Quân Đội,HoSE,Trung gian tín dụng và các hoạt động liên quan,2020,103.23,6213035,3.10923E+12,2.93943E+14,4.94982E+14,5.08765E+13,3.1096E+14,4.44883E+14,5.00995E+13,2.02778E+13,1.12928E+12,1.05555E+13,8.60604E+12,8.89758E+11,9.73564E+11,1.38448E+12,2020,3.220934367
MSB,Ngân hàng TMCP Hàng hải Việt Nam,HoSE,Trung gian tín dụng và các hoạt động liên quan,2020,103.23,6213035,2.20464E+12,7.84976E+13,1.76698E+14,5.60257E+13,8.75102E+13,1.59823E+14,1.68748E+13,4.82239E+12,2.05094E+11,3.58592E+12,2.01114E+12,2.95721E+11,3.94154E+11,8.67771E+11,2020,3.220934367
NVB,Ngân hàng TMCP Quốc Dân,HNX,Trung gian tín dụng và các hoạt động liên quan,2020,103.23,6213035,2.97561E+11,3.9855E+13,8.96012E+13,9.02717E+12,7.20848E+13,8.53384E+13,4.26282E+12,1.43374E+12,1.16098E+11,8.02677E+11,1212000000,55841000000,87573000000,4.65418E+11,2020,3.220934367
OCB,Ngân hàng TMCP Phương Đông,HoSE,Trung gian tín dụng và các hoạt động liên quan,2020,103.23,6213035,9.32451E+11,8.83005E+13,1.52529E+14,2.28377E+13,8.71714E+13,1.35093E+14,1.74354E+13,4.98171E+12,1.12734E+11,2.33012E+12,3.53477E+12,4.88697E+11,3.22577E+11,6.97195E+11,2020,3.220934367
SHB,Ngân hàng TMCP Sài Gòn - Hà Nội,HoSE,Trung gian tín dụng và các hoạt động liên quan,2020,103.23,6213035,1.61993E+12,3.02199E+14,4.1268E+14,3.89624E+13,3.03582E+14,3.88643E+14,2.40362E+13,9.9332E+12,1.04117E+11,4.29919E+12,2.60701E+12,7.04066E+11,1.09291E+12,3.80181E+12,2020,3.220934367
SSB,Ngân hàng TMCP Đông Nam Á,HoSE,Trung gian tín dụng và các hoạt động liên quan,2020,103.23,6213035,1.01223E+12,1.07761E+14,1.80207E+14,4.25167E+13,1.13277E+14,1.66537E+14,1.36704E+13,3.06172E+12,4.04105E+11,2.17738E+12,1.36047E+12,3.06776E+11,3.80914E+11,1.33478E+12,2020,3.220934367
STB,Ngân hàng TMCP Sài Gòn Thương Tín,HoSE,Trung gian tín dụng và các hoạt động liên quan,2020,103.23,6213035,7.67855E+12,3.34855E+14,4.92516E+14,7.88001E+12,4.27972E+14,4.6356E+14,2.89562E+13,1.15266E+13,57491000000,1.08946E+13,2.68198E+12,2.77382E+11,9.58159E+11,4.54472E+12,2020,3.220934367
TCB,Ngân hàng TMCP Kỹ thương Việt Nam,HoSE,Trung gian tín dụng và các hoạt động liên quan,2020,103.23,6213035,3.66362E+12,2.7531E+14,4.39603E+14,4.74848E+13,2.77459E+14,3.64988E+14,7.46148E+13,1.87512E+13,3.1808E+12,8.6312E+12,1.25825E+13,4.16892E+11,5.33944E+11,3.44356E+11,2020,3.220934367
TPB,Ngân hàng TMCP Tiên Phong,HoSE,Trung gian tín dụng và các hoạt động liên quan,2020,103.23,6213035,2.21427E+12,1.18085E+14,2.06315E+14,4.088E+13,1.15904E+14,1.8957E+14,1.67444E+13,7.61906E+12,4.02355E+11,4.19729E+12,3.51019E+12,6.61225E+11,3.30799E+11,4.28425E+11,2020,3.220934367
VCB,Ngân hàng TMCP Ngoại thương Việt Nam,HoSE,Trung gian tín dụng và các hoạt động liên quan,2020,103.23,6213035,1.50954E+13,8.20545E+14,1.32623E+15,1.03584E+14,1.03211E+15,1.23214E+15,9.4095E+13,3.62855E+13,7.44461E+11,1.60383E+13,1.84725E+13,6.6869E+11,2.23292E+11,4.33759E+12,2020,3.220934367
VIB,Ngân hàng TMCP Quốc tế Việt Nam,HoSE,Trung gian tín dụng và các hoạt động liên quan,2020,103.23,6213035,1.42199E+12,1.67772E+14,2.44676E+14,4.24875E+13,1.50349E+14,2.26702E+14,1.79738E+13,8.49611E+12,79526000000,4.46487E+12,4.64233E+12,2.52797E+12,5.66114E+11,7.96884E+11,2020,3.220934367
VPB,Ngân hàng TMCP Việt Nam Thịnh Vượng,HoSE,Trung gian tín dụng và các hoạt động liên quan,2020,103.23,6213035,3.28256E+12,2.86319E+14,4.19027E+14,5.65113E+13,2.33428E+14,3.66233E+14,5.27935E+13,3.23458E+13,1.20579E+12,1.1392E+13,1.04138E+13,6.02481E+12,1.82372E+12,2.07566E+12,2020,3.220934367
ACB,Ngân hàng TMCP Á Châu,HoSE,Trung gian tín dụng và các hoạt động liên quan,2019,102.79,6037348,6.43781E+12,2.66165E+14,3.83514E+14,1.92486E+13,3.08129E+14,3.55749E+14,2.77654E+13,1.21122E+13,46054000000,8.3076E+12,6.00994E+12,2.35338E+11,3.10859E+11,9.03155E+11,2019,2.795823675
BAB,Ngân hàng TMCP Bắc Á,HNX,Trung gian tín dụng và các hoạt động liên quan,2019,102.79,6037348,5.68407E+11,7.22786E+13,1.0789E+14,1.46584E+13,7.61633E+13,1.00075E+14,7.81499E+12,1.96656E+12,7699000000,1.10359E+12,7.49456E+11,2.64743E+11,17576000000,2.17707E+11,2019,2.795823675
BaoVietBank,Ngân hàng TMCP Bảo Việt,OTC,Trung gian tín dụng và các hoạt động liên quan,2019,102.79,6037348,1.74412E+11,2.42994E+13,5.98045E+13,1.82344E+13,2.924E+13,5.62444E+13,3.56011E+12,7.17834E+11,1334524931,6.54777E+11,81839513850,1.88736E+11,2.09311E+11,8.93558E+11,2019,2.795823675
BID,Ngân hàng TMCP Đầu tư và Phát triển Việt Nam,HoSE,Trung gian tín dụng và các hoạt động liên quan,2019,102.79,6037348,1.41167E+13,1.10237E+15,1.48996E+15,7.66832E+13,1.11416E+15,1.4123E+15,7.7653E+13,3.59778E+13,1.1567E+12,1.72571E+13,8.54776E+12,3.83516E+12,4.30501E+12,1.13562E+13,2019,2.795823675
CTG,Ngân hàng TMCP Công Thương Việt Nam,HoSE,Trung gian tín dụng và các hoạt động liên quan,2019,102.79,6037348,8.28273E+12,9.22325E+14,1.24071E+15,1.09483E+14,8.92785E+14,1.16336E+15,7.73548E+13,3.3199E+13,8.59995E+11,1.57349E+13,9.47699E+12,2.06262E+12,1.5467E+12,7.2041E+12,2019,2.795823675
EIB,Ngân hàng TMCP Xuất nhập khẩu Việt Nam,HoSE,Trung gian tín dụng và các hoạt động liên quan,2019,102.79,6037348,2.63028E+12,1.12182E+14,1.67538E+14,8.64318E+12,1.39278E+14,1.51789E+14,1.57493E+13,3.22037E+12,3.62663E+11,2.70075E+12,8.66132E+11,9.73397E+11,1.4479E+11,8.14984E+11,2019,2.795823675
HDB,Ngân hàng TMCP Phát triển TP. HCM,HoSE,Trung gian tín dụng và các hoạt động liên quan,2019,102.79,6037348,2.00456E+12,1.447E+14,2.29477E+14,4.97935E+13,1.26019E+14,2.09096E+14,2.03811E+13,9.74656E+12,36602000000,5.08049E+12,4.02033E+12,4.83922E+11,5.83859E+11,9.28884E+11,2019,2.795823675
LPB,Ngân hàng TMCP Bưu điện Liên Việt,HoSE,Trung gian tín dụng và các hoạt động liên quan,2019,102.79,6037348,1.21365E+12,1.38802E+14,2.02058E+14,1.75332E+13,1.36847E+14,1.89478E+14,1.25798E+13,6.06088E+12,53124000000,4.03218E+12,1.60028E+12,2.79874E+11,3.24179E+11,1.42628E+12,2019,2.795823675
MBB,Ngân hàng TMCP Quân Đội,HoSE,Trung gian tín dụng và các hoạt động liên quan,2019,102.79,6037348,2.34429E+12,2.4713E+14,4.11488E+14,5.03141E+13,2.7271E+14,3.71602E+14,3.98858E+13,1.8E+13,4.29156E+11,9.72371E+12,8.0686E+12,1.38039E+12,8.99344E+11,6.17902E+11,2019,2.795823675
MSB,Ngân hàng TMCP Hàng hải Việt Nam,HoSE,Trung gian tín dụng và các hoạt động liên quan,2019,102.79,6037348,2.49524E+12,6.27083E+13,1.56978E+14,4.70179E+13,8.08726E+13,1.42114E+14,1.48635E+13,3.0621E+12,1.5122E+11,2.50218E+12,1.04356E+12,1.51287E+11,1.67823E+11,9.81332E+11,2019,2.795823675
NVB,Ngân hàng TMCP Quốc Dân,HNX,Trung gian tín dụng và các hoạt động liên quan,2019,102.79,6037348,2.31724E+11,3.74834E+13,8.0394E+13,1.24141E+13,5.90953E+13,7.60874E+13,4.30667E+12,1.15841E+12,1.42941E+11,8.62619E+11,43142000000,1.28597E+11,1.33338E+11,4.68154E+11,2019,2.795823675
OCB,Ngân hàng TMCP Phương Đông,HoSE,Trung gian tín dụng và các hoạt động liên quan,2019,102.79,6037348,7.12716E+11,7.0366E+13,1.1816E+14,1.83689E+13,6.91421E+13,1.06653E+14,1.15072E+13,4.10116E+12,54339443314,2.44924E+12,2.58224E+12,3.51415E+11,2.25491E+11,7.32331E+11,2019,2.795823675
SHB,Ngân hàng TMCP Sài Gòn - Hà Nội,HoSE,Trung gian tín dụng và các hoạt động liên quan,2019,102.79,6037348,1.7548E+12,2.62031E+14,3.65254E+14,4.86237E+13,2.59237E+14,3.46747E+14,1.85074E+13,7.83044E+12,1.36365E+11,3.95173E+12,2.41789E+12,1.06937E+12,4.6356E+11,3.52282E+12,2019,2.795823675
SSB,Ngân hàng TMCP Đông Nam Á,HoSE,Trung gian tín dụng và các hoạt động liên quan,2019,102.79,6037348,1.29001E+12,9.74844E+13,1.57398E+14,3.14697E+13,9.57273E+13,1.46472E+14,1.09258E+13,2.89457E+12,1.43225E+11,1.98835E+12,1.09845E+12,4.17278E+11,7.57451E+11,1.10528E+12,2019,2.795823675
STB,Ngân hàng TMCP Sài Gòn Thương Tín,HoSE,Trung gian tín dụng và các hoạt động liên quan,2019,102.79,6037348,8.26937E+12,2.92059E+14,4.53581E+14,3.52556E+12,4.00844E+14,4.26839E+14,2.67416E+13,9.18069E+12,64287000000,9.2657E+12,2.45486E+12,2.98378E+11,4.12614E+11,5.02233E+12,2019,2.795823675
TCB,Ngân hàng TMCP Kỹ thương Việt Nam,HoSE,Trung gian tín dụng và các hoạt động liên quan,2019,102.79,6037348,4.82063E+12,2.27885E+14,3.83699E+14,6.12666E+13,2.31297E+14,3.21627E+14,6.20728E+13,1.42578E+13,2.61835E+12,7.31251E+12,1.02262E+13,2.18128E+11,3.0523E+11,2.55452E+12,2019,2.795823675
TPB,Ngân hàng TMCP Tiên Phong,HoSE,Trung gian tín dụng và các hoạt động liên quan,2019,102.79,6037348,1.65453E+12,9.44354E+13,1.64439E+14,4.02139E+13,9.24395E+13,1.51364E+14,1.30747E+13,5.63332E+12,3.19363E+11,3.30333E+12,3.09384E+12,4.80956E+11,3.05467E+11,4.48612E+11,2019,2.795823675
VCB,Ngân hàng TMCP Ngoại thương Việt Nam,HoSE,Trung gian tín dụng và các hoạt động liên quan,2019,102.79,6037348,1.37784E+13,7.2429E+14,1.22272E+15,7.36171E+13,9.28451E+14,1.14184E+15,8.0883E+13,3.45774E+13,3.5797E+11,1.58176E+13,1.8526E+13,6.86839E+11,5.87253E+11,4.52984E+12,2019,2.795823675
VIB,Ngân hàng TMCP Quốc tế Việt Nam,HoSE,Trung gian tín dụng và các hoạt động liên quan,2019,102.79,6037348,1.1596E+12,1.27914E+14,1.84531E+14,2.72251E+13,1.22357E+14,1.71102E+14,1.34296E+13,6.21322E+12,63191000000,3.4371E+12,3.2664E+12,1.43859E+12,4.06826E+11,3.72158E+11,2019,2.795823675
VPB,Ngân hàng TMCP Việt Nam Thịnh Vượng,HoSE,Trung gian tín dụng và các hoạt động liên quan,2019,102.79,6037348,2.45932E+12,2.531E+14,3.77204E+14,5.0868E+13,2.1395E+14,3.34994E+14,4.22097E+13,3.06705E+13,6.62555E+11,1.23437E+13,8.26026E+12,5.44777E+12,1.31143E+12,2.03835E+12,2019,2.795823675
ACB,Ngân hàng TMCP Á Châu,HoSE,Trung gian tín dụng và các hoạt động liên quan,2018,103.54,5542332,6.12917E+12,2.27983E+14,3.29333E+14,2.07184E+13,2.69999E+14,3.08315E+14,2.10179E+13,1.03629E+13,1.37531E+11,6.71222E+12,5.13705E+12,1.72866E+11,3.38018E+11,1.16409E+12,2018,3.539628059
BAB,Ngân hàng TMCP Bắc Á,HNX,Trung gian tín dụng và các hoạt động liên quan,2018,103.54,5542332,4.60335E+11,6.33857E+13,9.70291E+13,1.34059E+13,7.25344E+13,8.99466E+13,7.08246E+12,1.69867E+12,5857000000,8.79857E+11,6.7721E+11,2.51322E+11,7448000000,2.29305E+11,2018,3.539628059
BaoVietBank,Ngân hàng TMCP Bảo Việt,OTC,Trung gian tín dụng và các hoạt động liên quan,2018,103.54,5542332,1.4811E+11,2.54387E+13,5.58793E+13,1.80738E+13,2.70425E+13,5.24011E+13,3.47827E+12,6.31907E+11,169392513,5.76107E+11,80073909458,1.50579E+11,1.51545E+11,7.21513E+11,2018,3.539628059
BID,Ngân hàng TMCP Đầu tư và Phát triển Việt Nam,HoSE,Trung gian tín dụng và các hoạt động liên quan,2018,103.54,5542332,1.05076E+13,9.76334E+14,1.31304E+15,7.91981E+13,9.89671E+14,1.25849E+15,5.45515E+13,3.49559E+13,1.52213E+12,1.61169E+13,7.54183E+12,5.44998E+12,6.18227E+12,7.17017E+12,2018,3.539628059
CTG,Ngân hàng TMCP Công Thương Việt Nam,HoSE,Trung gian tín dụng và các hoạt động liên quan,2018,103.54,5542332,7.02835E+12,8.51918E+14,1.16443E+15,1.114E+14,8.25816E+14,1.09698E+15,6.74555E+13,2.25181E+13,1.02481E+12,1.42563E+13,5.41643E+12,2.1357E+12,2.08548E+12,9.46978E+12,2018,3.539628059
EIB,Ngân hàng TMCP Xuất nhập khẩu Việt Nam,HoSE,Trung gian tín dụng và các hoạt động liên quan,2018,103.54,5542332,2.3562E+12,1.02971E+14,1.52652E+14,1.60111E+13,1.18694E+14,1.37769E+14,1.48835E+13,3.2069E+12,1.014E+11,2.9009E+12,6.6059E+11,8.48445E+11,1.18178E+11,9.54387E+11,2018,3.539628059
HDB,Ngân hàng TMCP Phát triển TP. HCM,HoSE,Trung gian tín dụng và các hoạt động liên quan,2018,103.54,5542332,2.0964E+12,1.21792E+14,2.16057E+14,4.06893E+13,1.2806E+14,1.99229E+14,1.68281E+13,7.64569E+12,56629000000,4.44146E+12,3.20151E+12,5.25191E+11,6.26723E+11,7.33036E+11,2018,3.539628059
LPB,Ngân hàng TMCP Bưu điện Liên Việt,HoSE,Trung gian tín dụng và các hoạt động liên quan,2018,103.54,5542332,1.66373E+12,1.1771E+14,1.75095E+14,1.6441E+13,1.24948E+14,1.64894E+14,1.02009E+13,5.01579E+12,3.49597E+11,3.04807E+12,9.59953E+11,5.01728E+11,2.3361E+11,9.45117E+11,2018,3.539628059
MBB,Ngân hàng TMCP Quân Đội,HoSE,Trung gian tín dụng và các hoạt động liên quan,2018,103.54,5542332,1.73657E+12,2.11475E+14,3.62325E+14,6.04709E+13,2.39964E+14,3.28152E+14,3.41729E+13,1.45835E+13,9.04167E+11,8.7338E+12,6.1899E+12,1.09966E+12,7.97692E+11,9.62335E+11,2018,3.539628059
MSB,Ngân hàng TMCP Hàng hải Việt Nam,HoSE,Trung gian tín dụng và các hoạt động liên quan,2018,103.54,5542332,2.33787E+12,4.77683E+13,1.37769E+14,3.76708E+13,6.35288E+13,1.23949E+14,1.38202E+13,2.90227E+12,69629000000,2.92374E+12,8.68289E+11,1.85203E+11,38181000000,1.24252E+12,2018,3.539628059
NVB,Ngân hàng TMCP Quốc Dân,HNX,Trung gian tín dụng và các hoạt động liên quan,2018,103.54,5542332,2.91598E+11,3.52815E+13,7.24222E+13,9.75754E+12,4.71488E+13,6.91894E+13,3.23277E+12,9.81173E+11,8.03579E+11,9.99842E+11,36240000000,1.24077E+11,1.68193E+11,3.03489E+11,2018,3.539628059
OCB,Ngân hàng TMCP Phương Đông,HoSE,Trung gian tín dụng và các hoạt động liên quan,2018,103.54,5542332,6.80259E+11,5.5751E+13,9.99641E+13,1.6756E+13,6.03626E+13,9.11669E+13,8.79724E+12,3.43597E+12,1.56446E+11,1.86977E+12,1.76103E+12,4.32494E+11,1.80205E+11,6.75629E+11,2018,3.539628059
SHB,Ngân hàng TMCP Sài Gòn - Hà Nội,HoSE,Trung gian tín dụng và các hoạt động liên quan,2018,103.54,5542332,1.88482E+12,2.13987E+14,3.23276E+14,4.49338E+13,2.25224E+14,3.06943E+14,1.63325E+13,5.5559E+12,1.21073E+11,3.22279E+12,1.67232E+12,3.39729E+11,9.20954E+11,3.93812E+12,2018,3.539628059
SSB,Ngân hàng TMCP Đông Nam Á,HoSE,Trung gian tín dụng và các hoạt động liên quan,2018,103.54,5542332,1.02087E+12,8.30083E+13,1.40487E+14,2.92488E+13,8.43446E+13,1.32186E+14,8.30151E+12,2.33711E+12,9305000000,1.63286E+12,4.93346E+11,3.55356E+11,5.37625E+11,3.72772E+11,2018,3.539628059
STB,Ngân hàng TMCP Sài Gòn Thương Tín,HoSE,Trung gian tín dụng và các hoạt động liên quan,2018,103.54,5542332,6.37955E+12,2.531E+14,4.06041E+14,7.30016E+12,3.49389E+14,3.81408E+14,2.46324E+13,7.63379E+12,18647000000,7.83783E+12,1.79016E+12,1.93601E+11,3.11452E+11,4.95745E+12,2018,3.539628059
TCB,Ngân hàng TMCP Kỹ thương Việt Nam,HoSE,Trung gian tín dụng và các hoạt động liên quan,2018,103.54,5542332,2.60647E+12,1.57554E+14,3.20989E+14,3.64256E+13,2.01415E+14,2.69206E+14,5.17827E+13,1.11265E+13,1.51339E+12,5.84251E+12,8.474E+12,2.18128E+11,8.6251E+11,1.70318E+12,2018,3.539628059
TPB,Ngân hàng TMCP Tiên Phong,HoSE,Trung gian tín dụng và các hoạt động liên quan,2018,103.54,5542332,1.33203E+12,7.62952E+13,1.36179E+14,3.34914E+13,7.61381E+13,1.25558E+14,1.06217E+13,4.37778E+12,9701000000,2.84669E+12,1.80524E+12,2.95942E+11,2.42441E+11,3.22951E+11,2018,3.539628059
VCB,Ngân hàng TMCP Ngoại thương Việt Nam,HoSE,Trung gian tín dụng và các hoạt động liên quan,2018,103.54,5542332,1.2792E+13,6.21573E+14,1.07403E+15,7.65241E+13,8.01929E+14,1.01185E+15,6.21794E+13,2.84085E+13,2.81539E+11,1.36111E+13,1.46221E+13,2.91788E+11,1.16051E+12,4.7707E+12,2018,3.539628059
VIB,Ngân hàng TMCP Quốc tế Việt Nam,HoSE,Trung gian tín dụng và các hoạt động liên quan,2018,103.54,5542332,1.09812E+12,9.5261E+13,1.39166E+14,2.93999E+13,8.48626E+13,1.28499E+14,1.06676E+13,4.82549E+12,83764000000,2.68972E+12,2.19392E+12,1.32588E+12,2.3122E+11,2.48563E+11,2018,3.539628059
VPB,Ngân hàng TMCP Việt Nam Thịnh Vượng,HoSE,Trung gian tín dụng và các hoạt động liên quan,2018,103.54,5542332,1.85547E+12,2.18395E+14,3.23291E+14,5.42315E+13,1.70851E+14,2.88541E+14,3.47501E+13,2.47016E+13,6.82613E+11,1.06339E+13,7.35557E+12,4.21703E+12,1.69199E+12,1.85724E+12,2018,3.539628059
ACB,Ngân hàng TMCP Á Châu,HoSE,Trung gian tín dụng và các hoạt động liên quan,2017,103.53,5005975,4.85171E+12,1.96669E+14,2.84316E+14,1.54537E+13,2.41393E+14,2.68285E+14,1.60308E+13,8.45775E+12,60797000000,6.21736E+12,2.11813E+12,3.25864E+11,2.75371E+11,7.88384E+11,2017,3.520256888
BAB,Ngân hàng TMCP Bắc Á,HNX,Trung gian tín dụng và các hoạt động liên quan,2017,103.53,5005975,5.03505E+11,5.48746E+13,9.17822E+13,1.88374E+13,6.34151E+13,8.54076E+13,6.37461E+12,1.65792E+12,41234000000,7.48903E+11,6.02472E+11,5004000000,9209000000,3.37399E+11,2017,3.520256888
BaoVietBank,Ngân hàng TMCP Bảo Việt,OTC,Trung gian tín dụng và các hoạt động liên quan,2017,103.53,5005975,1.28676E+11,2.14074E+13,4.8862E+13,1.6251E+13,2.40653E+13,4.53639E+13,3.49806E+12,8.80979E+11,2161333981,4.97936E+11,1.44594E+11,2.03904E+11,2.18887E+11,3.99594E+11,2017,3.520256888
BID,Ngân hàng TMCP Đầu tư và Phát triển Việt Nam,HoSE,Trung gian tín dụng và các hoạt động liên quan,2017,103.53,5005975,8.20302E+12,8.55536E+14,1.20228E+15,9.19789E+13,8.59985E+14,1.15345E+15,4.8834E+13,3.09553E+13,1.31526E+12,1.55042E+13,6.94559E+12,3.74961E+12,5.08432E+12,5.23017E+12,2017,3.520256888
CTG,Ngân hàng TMCP Công Thương Việt Nam,HoSE,Trung gian tín dụng và các hoạt động liên quan,2017,103.53,5005975,5.97983E+12,7.82385E+14,1.09506E+15,1.15159E+14,7.52935E+14,1.0313E+15,6.37653E+13,2.7073E+13,1.23904E+12,1.50698E+13,7.4589E+12,1.24338E+12,2.55074E+12,5.21701E+12,2017,3.520256888
EIB,Ngân hàng TMCP Xuất nhập khẩu Việt Nam,HoSE,Trung gian tín dụng và các hoạt động liên quan,2017,103.53,5005975,2.2822E+12,1.00268E+14,1.4937E+14,1.12564E+13,1.1754E+14,1.35118E+14,1.42512E+13,2.66782E+12,2.67622E+11,2.20607E+12,8.2283E+11,8.84448E+11,3.52827E+11,1.06116E+12,2017,3.520256888
HDB,Ngân hàng TMCP Phát triển TP. HCM,HoSE,Trung gian tín dụng và các hoạt động liên quan,2017,103.53,5005975,1.51163E+12,1.03336E+14,1.89334E+14,3.72174E+13,1.20537E+14,1.74575E+14,1.47591E+13,6.3473E+12,28939000000,4.07228E+12,1.95441E+12,5.13992E+11,5.48566E+11,5.20683E+11,2017,3.520256888
LPB,Ngân hàng TMCP Bưu điện Liên Việt,HoSE,Trung gian tín dụng và các hoạt động liên quan,2017,103.53,5005975,8.92779E+11,9.93919E+13,1.63434E+14,1.35389E+13,1.28275E+14,1.5405E+14,9.38326E+12,5.22684E+12,6.11803E+11,2.8131E+12,1.36809E+12,1.89204E+11,1.54283E+11,7.30402E+11,2017,3.520256888
MBB,Ngân hàng TMCP Quân Đội,HoSE,Trung gian tín dụng và các hoạt động liên quan,2017,103.53,5005975,1.84203E+12,1.82062E+14,3.13878E+14,4.61012E+13,2.20176E+14,2.84277E+14,2.96012E+13,1.1219E+13,5.23948E+11,5.99924E+12,3.49042E+12,7.35553E+11,6.68431E+11,8.13673E+11,2017,3.520256888
MSB,Ngân hàng TMCP Hàng hải Việt Nam,HoSE,Trung gian tín dụng và các hoạt động liên quan,2017,103.53,5005975,1.99687E+12,3.57839E+13,1.12239E+14,2.95342E+13,5.68485E+13,9.8517E+13,1.37219E+13,1.60208E+12,82118000000,2.06586E+12,1.22032E+11,1.3088E+11,35179000000,6.40331E+11,2017,3.520256888
NVB,Ngân hàng TMCP Quốc Dân,HNX,Trung gian tín dụng và các hoạt động liên quan,2017,103.53,5005975,2.85896E+11,3.17513E+13,7.18416E+13,1.57245E+13,4.57196E+13,6.86234E+13,3.21814E+12,1.11751E+12,1.40585E+11,9.5955E+11,21955000000,1.18105E+11,90580000000,2.83626E+11,2017,3.520256888
OCB,Ngân hàng TMCP Phương Đông,HoSE,Trung gian tín dụng và các hoạt động liên quan,2017,103.53,5005975,6.48859E+11,4.77789E+13,8.43002E+13,1.63036E+13,5.32058E+13,7.81608E+13,6.1394E+12,2.40114E+12,99910316707,1.44596E+12,8.16766E+11,1.6241E+11,1.30311E+11,5.71853E+11,2017,3.520256888
SHB,Ngân hàng TMCP Sài Gòn - Hà Nội,HoSE,Trung gian tín dụng và các hoạt động liên quan,2017,103.53,5005975,1.44655E+12,1.95442E+14,2.8601E+14,5.30004E+13,1.9489E+14,2.71319E+14,1.46912E+13,4.79666E+12,2.22486E+11,2.8969E+12,1.53913E+12,6.69686E+11,1.08877E+12,2.86524E+12,2017,3.520256888
SSB,Ngân hàng TMCP Đông Nam Á,HoSE,Trung gian tín dụng và các hoạt động liên quan,2017,103.53,5005975,7.35333E+11,6.99211E+13,1.25009E+14,3.26015E+13,8.00395E+13,1.18834E+14,6.17461E+12,1.97242E+12,1177000000,1.26855E+12,3.04858E+11,2.03597E+11,1.16282E+11,2.7486E+11,2017,3.520256888
STB,Ngân hàng TMCP Sài Gòn Thương Tín,HoSE,Trung gian tín dụng và các hoạt động liên quan,2017,103.53,5005975,6.21266E+12,2.20198E+14,3.68469E+14,1.2649E+13,3.1986E+14,3.45233E+14,2.32363E+13,5.27804E+12,8537000000,6.33689E+12,1.18156E+12,1.47452E+12,6.27133E+11,8.30304E+12,2017,3.520256888
TCB,Ngân hàng TMCP Kỹ thương Việt Nam,HoSE,Trung gian tín dụng và các hoạt động liên quan,2017,103.53,5005975,2.34436E+12,1.58964E+14,2.69392E+14,4.63238E+13,1.70971E+14,2.42462E+14,2.69307E+13,8.93041E+12,2.48534E+11,4.69828E+12,6.4456E+12,2.37758E+11,4.55567E+11,1.55296E+12,2017,3.520256888
TPB,Ngân hàng TMCP Tiên Phong,HoSE,Trung gian tín dụng và các hoạt động liên quan,2017,103.53,5005975,1.17698E+12,6.2748E+13,1.24119E+14,3.82615E+13,7.02986E+13,1.17442E+14,6.67672E+12,3.17242E+12,6063000000,1.9416E+12,9.63609E+11,2.5474E+11,1.53408E+11,2.86408E+11,2017,3.520256888
VCB,Ngân hàng TMCP Ngoại thương Việt Nam,HoSE,Trung gian tín dụng và các hoạt động liên quan,2017,103.53,5005975,1.01029E+13,5.35321E+14,1.03529E+15,6.69422E+13,7.0852E+14,9.82735E+14,5.2558E+13,2.19375E+13,2.56301E+11,1.18663E+13,9.11059E+12,6.84223E+11,3.58426E+12,1.9402E+12,2017,3.520256888
VIB,Ngân hàng TMCP Quốc tế Việt Nam,HoSE,Trung gian tín dụng và các hoạt động liên quan,2017,103.53,5005975,1.01641E+12,7.89194E+13,1.23159E+14,3.36955E+13,6.83778E+13,1.14372E+14,8.78752E+12,3.45598E+12,34212000000,2.33446E+12,1.12428E+12,53746000000,62921000000,1.87002E+12,2017,3.520256888
VPB,Ngân hàng TMCP Việt Nam Thịnh Vượng,HoSE,Trung gian tín dụng và các hoạt động liên quan,2017,103.53,5005975,2.57428E+12,1.79519E+14,2.77752E+14,3.32004E+13,1.33551E+14,2.48057E+14,2.96957E+13,2.06144E+13,6.72502E+11,8.89497E+12,6.44077E+12,3.16644E+12,1.96644E+12,1.06714E+12,2017,3.520256888
ACB,Ngân hàng TMCP Á Châu,HoSE,Trung gian tín dụng và các hoạt động liên quan,2016,102.66,4502733,3.54139E+12,1.61604E+14,2.33681E+14,2.23512E+12,2.07051E+14,2.19618E+14,1.40627E+13,6.89189E+12,11081000000,4.67789E+12,1.32517E+12,1.93836E+11,1.80518E+11,1.04619E+12,2016,2.66824817
BAB,Ngân hàng TMCP Bắc Á,HNX,Trung gian tín dụng và các hoạt động liên quan,2016,102.66,4502733,4.26131E+11,4.76583E+13,7.59381E+13,7.13843E+12,5.91567E+13,7.0131E+13,5.80711E+12,1.33391E+12,13200000000,7.04966E+11,5.00686E+11,3153000000,5242000000,3.81793E+11,2016,2.66824817
BaoVietBank,Ngân hàng TMCP Bảo Việt,OTC,Trung gian tín dụng và các hoạt động liên quan,2016,102.66,4502733,1.39302E+11,1.50569E+13,3.42913E+13,7.39342E+12,2.07E+13,3.10054E+13,3.28584E+12,6.14669E+11,101056466,3.95353E+11,93307343113,72123622393,62027702237,1.4804E+11,2016,2.66824817
BID,Ngân hàng TMCP Đầu tư và Phát triển Việt Nam,HoSE,Trung gian tín dụng và các hoạt động liên quan,2016,102.66,4502733,7.10655E+12,7.13633E+14,1.00638E+15,9.24992E+13,7.26022E+14,9.62266E+14,4.41121E+13,2.33936E+13,1.90248E+12,1.35321E+13,6.19355E+12,6.48193E+12,1.03581E+12,6.91122E+12,2016,2.66824817
CTG,Ngân hàng TMCP Công Thương Việt Nam,HoSE,Trung gian tín dụng và các hoạt động liên quan,2016,102.66,4502733,5.18713E+12,6.55089E+14,9.48568E+14,8.51519E+13,6.5506E+14,8.88261E+14,6.03068E+13,2.23039E+13,1.24757E+12,1.28488E+13,6.76521E+12,2.11119E+12,8.11972E+11,3.81964E+12,2016,2.66824817
EIB,Ngân hàng TMCP Xuất nhập khẩu Việt Nam,HoSE,Trung gian tín dụng và các hoạt động liên quan,2016,102.66,4502733,2.02006E+12,8.58248E+13,1.28802E+14,6.48434E+12,1.02351E+14,1.15353E+14,1.34484E+13,3.08208E+12,74022000000,2.25521E+12,3.08932E+11,1.06999E+12,3.57925E+11,1.13224E+12,2016,2.66824817
HDB,Ngân hàng TMCP Phát triển TP. HCM,HoSE,Trung gian tín dụng và các hoạt động liên quan,2016,102.66,4502733,1.63601E+12,8.1304E+13,1.50294E+14,1.96847E+13,1.033E+14,1.40352E+14,9.94264E+12,4.67808E+12,28428000000,3.27699E+12,9.14498E+11,3.76621E+11,4.60699E+11,3.61461E+11,2016,2.66824817
LPB,Ngân hàng TMCP Bưu điện Liên Việt,HoSE,Trung gian tín dụng và các hoạt động liên quan,2016,102.66,4502733,6.39592E+11,7.87057E+13,1.41865E+14,1.47967E+13,1.10985E+14,1.33533E+14,8.33189E+12,4.02377E+12,1.48602E+11,2.03149E+12,1.06279E+12,1.6052E+11,1.09998E+11,6.17025E+11,2016,2.66824817
MBB,Ngân hàng TMCP Quân Đội,HoSE,Trung gian tín dụng và các hoạt động liên quan,2016,102.66,4502733,1.51995E+12,1.48687E+14,2.56259E+14,2.4713E+13,1.94812E+14,2.2967E+14,2.65884E+13,7.97894E+12,1.42554E+11,4.17467E+12,2.88355E+12,8.96027E+11,4.76547E+11,6.14623E+11,2016,2.66824817
MSB,Ngân hàng TMCP Hàng hải Việt Nam,HoSE,Trung gian tín dụng và các hoạt động liên quan,2016,102.66,4502733,1.86827E+12,3.46668E+13,9.26059E+13,1.05362E+13,5.75868E+13,7.90059E+13,1.36E+13,2.25264E+12,2.23768E+11,1.8971E+12,1.40004E+11,81406000000,45755000000,6.58495E+11,2016,2.66824817
NVB,Ngân hàng TMCP Quốc Dân,HNX,Trung gian tín dụng và các hoạt động liên quan,2016,102.66,4502733,2.81947E+11,2.50619E+13,6.9011E+13,2.0697E+13,4.17917E+13,6.57828E+13,3.22817E+12,9.52864E+11,15665000000,8.63133E+11,10838000000,1.50144E+11,22298000000,2.03933E+11,2016,2.66824817
OCB,Ngân hàng TMCP Phương Đông,HoSE,Trung gian tín dụng và các hoạt động liên quan,2016,102.66,4502733,4.63412E+11,3.8175E+13,6.38151E+13,1.15417E+13,4.3064E+13,5.90994E+13,4.71568E+12,1.66068E+12,90629537916,1.04653E+12,3.86916E+11,1.05822E+11,94852415726,4.74825E+11,2016,2.66824817
SHB,Ngân hàng TMCP Sài Gòn - Hà Nội,HoSE,Trung gian tín dụng và các hoạt động liên quan,2016,102.66,4502733,1.29169E+12,1.60579E+14,2.33948E+14,3.33094E+13,1.66576E+14,2.20716E+14,1.32316E+13,4.17545E+12,3.71907E+11,2.50776E+12,9.13061E+11,2.63785E+11,9.93341E+11,1.78685E+12,2016,2.66824817
SSB,Ngân hàng TMCP Đông Nam Á,HoSE,Trung gian tín dụng và các hoạt động liên quan,2016,102.66,4502733,7.08369E+11,5.84453E+13,1.03365E+14,2.0779E+13,7.21308E+13,9.74851E+13,5.87983E+12,1.84303E+12,1365000000,1.11932E+12,1.16789E+11,7.39728E+11,21930000000,2.43043E+11,2016,2.66824817
STB,Ngân hàng TMCP Sài Gòn Thương Tín,HoSE,Trung gian tín dụng và các hoạt động liên quan,2016,102.66,4502733,5.87298E+12,1.96428E+14,3.32023E+14,8.10965E+12,2.91653E+14,3.09831E+14,2.21919E+13,4.0207E+12,10652000000,5.67832E+12,88609000000,2.61324E+12,2.62178E+12,8.51032E+12,2016,2.66824817
TCB,Ngân hàng TMCP Kỹ thương Việt Nam,HoSE,Trung gian tín dụng và các hoạt động liên quan,2016,102.66,4502733,2.95671E+12,1.41121E+14,2.35363E+14,2.48861E+13,1.73449E+14,2.15777E+14,1.95865E+13,8.14222E+12,6.79417E+11,4.261E+12,3.14885E+12,5.75397E+11,4.74551E+11,1.37502E+12,2016,2.66824817
TPB,Ngân hàng TMCP Tiên Phong,HoSE,Trung gian tín dụng và các hoạt động liên quan,2016,102.66,4502733,8.15148E+11,4.62336E+13,1.05782E+14,4.12452E+13,5.5082E+13,1.00101E+14,5.68149E+12,2.12083E+12,7792000000,1.33058E+12,5.65211E+11,81831000000,79322000000,1.69905E+11,2016,2.66824817
VCB,Ngân hàng TMCP Ngoại thương Việt Nam,HoSE,Trung gian tín dụng và các hoạt động liên quan,2016,102.66,4502733,9.69205E+12,4.52684E+14,7.87907E+14,7.22384E+13,5.90451E+14,7.39805E+14,4.81015E+13,1.85277E+13,3.76349E+11,9.95044E+12,6.851E+12,1.35929E+12,1.33003E+12,4.24706E+12,2016,2.66824817
VIB,Ngân hàng TMCP Quốc tế Việt Nam,HoSE,Trung gian tín dụng và các hoạt động liên quan,2016,102.66,4502733,8.55741E+11,5.91643E+13,1.04517E+14,3.3262E+13,5.92608E+13,9.57742E+13,8.74277E+12,2.62624E+12,27959000000,2.09263E+12,5.61732E+11,40543000000,1.67933E+11,1.34124E+12,2016,2.66824817
VPB,Ngân hàng TMCP Việt Nam Thịnh Vượng,HoSE,Trung gian tín dụng và các hoạt động liên quan,2016,102.66,4502733,1.72736E+12,1.42583E+14,2.28771E+14,2.88359E+13,1.23788E+14,2.11593E+14,1.71775E+13,1.51679E+13,2.32315E+11,6.62135E+12,3.93505E+12,2.32019E+12,8.28122E+11,8.9226E+11,2016,2.66824817
ACB,Ngân hàng TMCP Á Châu,HoSE,Trung gian tín dụng và các hoạt động liên quan,2015,100.63,4192862,2.80609E+12,1.32491E+14,2.01457E+14,2.43333E+12,1.74919E+14,1.88669E+14,1.27875E+13,5.88353E+12,33028000000,4.02168E+12,1.02823E+12,1.74499E+11,5.30241E+11,1.06595E+12,2015,0.631200905
BAB,Ngân hàng TMCP Bắc Á,HNX,Trung gian tín dụng và các hoạt động liên quan,2015,100.63,4192862,7.44753E+11,4.12722E+13,6.34601E+13,2.50737E+12,5.28956E+13,5.84485E+13,5.01167E+12,1.08362E+12,16812000000,5.79541E+11,3.80408E+11,5581000000,7984000000,2.79255E+11,2015,0.631200905
BaoVietBank,Ngân hàng TMCP Bảo Việt,OTC,Trung gian tín dụng và các hoạt động liên quan,2015,100.63,4192862,1.38852E+11,1.27795E+13,3.06989E+13,8.55371E+12,1.51249E+13,2.7338E+13,3.36091E+12,4.73776E+11,102583811,3.39842E+11,86509035328,31396120930,22349262730,1.18371E+11,2015,0.631200905
BID,Ngân hàng TMCP Đầu tư và Phát triển Việt Nam,HoSE,Trung gian tín dụng và các hoạt động liên quan,2015,100.63,4192862,6.58885E+12,5.90917E+14,8.5067E+14,7.97583E+13,5.64583E+14,8.08334E+14,4.23355E+13,1.9315E+13,1.16816E+12,1.10872E+13,6.37676E+12,3.97564E+12,8.87764E+11,5.19028E+12,2015,0.631200905
CTG,Ngân hàng TMCP Công Thương Việt Nam,HoSE,Trung gian tín dụng và các hoạt động liên quan,2015,100.63,4192862,5.09077E+12,5.3353E+14,7.79483E+14,9.91692E+13,4.9296E+14,7.23373E+14,5.61101E+13,1.8839E+13,1.90584E+12,1.07195E+13,5.71688E+12,1.41136E+12,7.35343E+11,2.79554E+12,2015,0.631200905
EIB,Ngân hàng TMCP Xuất nhập khẩu Việt Nam,HoSE,Trung gian tín dụng và các hoạt động liên quan,2015,100.63,4192862,2.04075E+12,8.38899E+13,1.2485E+14,7.93332E+12,9.84305E+13,1.11705E+14,1.31447E+13,3.39769E+12,2.9639E+11,2.30455E+12,39994000000,1.81992E+11,5.91316E+11,8.02164E+11,2015,0.631200905
HDB,Ngân hàng TMCP Phát triển TP. HCM,HoSE,Trung gian tín dụng và các hoạt động liên quan,2015,100.63,4192862,1.47241E+12,5.58532E+13,1.06486E+14,6.59493E+12,7.45427E+13,9.66443E+13,9.84168E+12,3.24471E+12,59092000000,2.40958E+12,6.30111E+11,2.88405E+11,3.35861E+11,2.72825E+11,2015,0.631200905
MBB,Ngân hàng TMCP Quân Đội,HoSE,Trung gian tín dụng và các hoạt động liên quan,2015,100.63,4192862,1.23566E+12,1.19372E+14,2.21042E+14,7.50949E+12,1.81565E+14,1.97859E+14,2.31831E+13,7.31853E+12,86523000000,3.44913E+12,2.51213E+12,4.25343E+11,4.42136E+11,1.08212E+12,2015,0.631200905
MSB,Ngân hàng TMCP Hàng hải Việt Nam,HoSE,Trung gian tín dụng và các hoạt động liên quan,2015,100.63,4192862,1.52902E+12,2.74902E+13,1.04311E+14,1.73994E+13,6.26157E+13,9.0695E+13,1.36162E+13,1.58692E+12,1.6196E+11,1.80886E+12,1.16274E+11,58444000000,1.82632E+11,6.65456E+11,2015,0.631200905
NVB,Ngân hàng TMCP Quốc Dân,HNX,Trung gian tín dụng và các hoạt động liên quan,2015,100.63,4192862,2.85712E+11,2.0222E+13,4.823E+13,9.99095E+12,3.4031E+13,4.50127E+13,3.21733E+12,7.62879E+11,30404001450,6.55265E+11,6490161635,1.56676E+11,29277860353,2.53263E+11,2015,0.631200905
SHB,Ngân hàng TMCP Sài Gòn - Hà Nội,HoSE,Trung gian tín dụng và các hoạt động liên quan,2015,100.63,4192862,1.91786E+12,1.30006E+14,2.04704E+14,2.81458E+13,1.48829E+14,1.93446E+14,1.12578E+13,3.69615E+12,1.30408E+11,2.07864E+12,7.95156E+11,1.81863E+11,7.98176E+11,1.28264E+12,2015,0.631200905
SSB,Ngân hàng TMCP Đông Nam Á,HoSE,Trung gian tín dụng và các hoạt động liên quan,2015,100.63,4192862,5.64169E+11,4.24394E+13,8.47568E+13,1.8073E+13,5.70184E+13,7.8988E+13,5.76886E+12,1.14656E+12,2527000000,9.67923E+11,91885000000,4.38473E+11,29830000000,1.43135E+11,2015,0.631200905
STB,Ngân hàng TMCP Sài Gòn Thương Tín,HoSE,Trung gian tín dụng và các hoạt động liên quan,2015,100.63,4192862,6.58648E+12,1.8366E+14,2.92033E+14,2.95407E+12,2.60995E+14,2.69952E+14,2.20805E+13,6.57511E+12,20182000000,5.15455E+12,6.47919E+11,1.77691E+12,1.14003E+12,7.86148E+12,2015,0.631200905
TCB,Ngân hàng TMCP Kỹ thương Việt Nam,HoSE,Trung gian tín dụng và các hoạt động liên quan,2015,100.63,4192862,2.7543E+12,1.10461E+14,1.91994E+14,2.0746E+13,1.4224E+14,1.75536E+14,1.64576E+13,7.20838E+12,4.85304E+11,3.6828E+12,1.52919E+12,3.96736E+11,5.37739E+11,1.01667E+12,2015,0.631200905
TPB,Ngân hàng TMCP Tiên Phong,HoSE,Trung gian tín dụng và các hoạt động liên quan,2015,100.63,4192862,6.215E+11,2.79777E+13,7.62208E+13,2.93956E+13,3.95054E+13,7.14222E+13,4.79867E+12,1.40292E+12,17861000000,7.94793E+11,5.6216E+11,37704000000,68066000000,80198000000,2015,0.631200905
VCB,Ngân hàng TMCP Ngoại thương Việt Nam,HoSE,Trung gian tín dụng và các hoạt động liên quan,2015,100.63,4192862,8.51933E+12,3.78542E+14,6.74395E+14,7.21354E+13,5.00528E+14,6.29222E+14,4.51723E+13,1.5453E+13,2.35271E+11,8.30625E+12,5.33207E+12,7.96645E+11,7.50489E+11,5.59013E+12,2015,0.631200905
VIB,Ngân hàng TMCP Quốc tế Việt Nam,HoSE,Trung gian tín dụng và các hoạt động liên quan,2015,100.63,4192862,8.4938E+11,4.70246E+13,8.43088E+13,1.26997E+13,5.3304E+13,7.5698E+13,8.61081E+12,2.34411E+12,80609000000,1.76524E+12,5.21066E+11,1.3525E+11,98039000000,7.55887E+11,2015,0.631200905
VPB,Ngân hàng TMCP Việt Nam Thịnh Vượng,HoSE,Trung gian tín dụng và các hoạt động liên quan,2015,100.63,4192862,1.63243E+12,1.15062E+14,1.93876E+14,1.77644E+13,1.30271E+14,1.80488E+14,1.33889E+13,1.03534E+13,82291000000,5.69247E+12,2.39587E+12,1.26802E+12,5.23016E+11,1.35401E+12,2015,0.631200905
ACB,Ngân hàng TMCP Á Châu,HoSE,Trung gian tín dụng và các hoạt động liên quan,2014,104.09,3937856,2.49629E+12,1.14745E+14,1.7961E+14,6.14524E+12,1.54614E+14,1.67212E+14,1.23973E+13,4.76563E+12,57539000000,3.86361E+12,9.51802E+11,2.93035E+11,4.44308E+11,1.79591E+12,2014,4.084554466
BAB,Ngân hàng TMCP Bắc Á,HNX,Trung gian tín dụng và các hoạt động liên quan,2014,104.09,3937856,6.84005E+11,3.60852E+13,5.7182E+13,5.0413E+12,4.63125E+13,5.30599E+13,4.12204E+12,1.09304E+12,12243868044,5.63539E+11,2.74075E+11,2.18095E+11,15342950000,5.51487E+11,2014,4.084554466
BID,Ngân hàng TMCP Đầu tư và Phát triển Việt Nam,HoSE,Trung gian tín dụng và các hoạt động liên quan,2014,104.09,3937856,5.39348E+12,4.3907E+14,6.5034E+14,8.61862E+13,4.40472E+14,6.16734E+14,3.32713E+13,1.68443E+13,8.4703E+11,8.6239E+12,4.98567E+12,4.71421E+12,1.07581E+12,3.26681E+12,2014,4.084554466
CTG,Ngân hàng TMCP Công Thương Việt Nam,HoSE,Trung gian tín dụng và các hoạt động liên quan,2014,104.09,3937856,4.63074E+12,4.35503E+14,6.61242E+14,1.0377E+14,4.24181E+14,6.05983E+14,5.50338E+13,1.78621E+13,2.3462E+12,9.8045E+12,5.72788E+12,3.51923E+11,2.46832E+12,2.08491E+12,2014,4.084554466
EIB,Ngân hàng TMCP Xuất nhập khẩu Việt Nam,HoSE,Trung gian tín dụng và các hoạt động liên quan,2014,104.09,3937856,1.66205E+12,8.61238E+13,1.61094E+14,4.10433E+13,1.01372E+14,1.47026E+14,1.40683E+13,2.71023E+12,4.21035E+11,2.0487E+12,56084000000,2.45592E+11,5.55154E+11,1.34363E+12,2014,4.084554466
HDB,Ngân hàng TMCP Phát triển TP. HCM,HoSE,Trung gian tín dụng và các hoạt động liên quan,2014,104.09,3937856,8.18918E+11,4.1509E+13,9.95246E+13,1.95067E+13,6.54116E+13,9.03258E+13,8.87405E+12,1.62914E+12,37381322624,1.82014E+12,4.76877E+11,1.90265E+11,1.46697E+11,6.16714E+11,2014,4.084554466
MBB,Ngân hàng TMCP Quân Đội,HoSE,Trung gian tín dụng và các hoạt động liên quan,2014,104.09,3937856,1.23323E+12,9.81063E+13,2.00489E+14,4.60417E+12,1.67609E+14,1.83341E+14,1.65611E+13,6.54007E+12,18883514307,3.1142E+12,2.50299E+12,4.78087E+11,9.02868E+11,1.3645E+12,2014,4.084554466
NVB,Ngân hàng TMCP Quốc Dân,HNX,Trung gian tín dụng và các hoạt động liên quan,2014,104.09,3937856,2.20398E+11,1.64453E+13,3.68371E+13,8.69879E+12,2.44404E+13,3.36254E+13,3.21167E+12,6.00482E+11,7222310754,6.04431E+11,8134266795,38020655606,51470141221,3.30624E+11,2014,4.084554466
SHB,Ngân hàng TMCP Sài Gòn - Hà Nội,HoSE,Trung gian tín dụng và các hoạt động liên quan,2014,104.09,3937856,8.01433E+11,1.03048E+14,1.69036E+14,2.81429E+13,1.23228E+14,1.58553E+14,1.04801E+13,2.72597E+12,1.89174E+11,1.62435E+12,7.90747E+11,2.62754E+11,3.56024E+11,1.4889E+12,2014,4.084554466
STB,Ngân hàng TMCP Sài Gòn Thương Tín,HoSE,Trung gian tín dụng và các hoạt động liên quan,2014,104.09,3937856,4.81594E+12,1.26646E+14,1.89803E+14,4.41061E+12,1.63057E+14,1.71739E+14,1.80632E+13,6.56466E+12,59045000000,4.46061E+12,2.20643E+12,1.02765E+11,4.14089E+11,1.00566E+12,2014,4.084554466
TCB,Ngân hàng TMCP Kỹ thương Việt Nam,HoSE,Trung gian tín dụng và các hoạt động liên quan,2014,104.09,3937856,2.72364E+12,7.93478E+13,1.75902E+14,1.94714E+13,1.3169E+14,1.60916E+14,1.49861E+13,5.77263E+12,9.77475E+11,3.43105E+12,1.08186E+12,3.09301E+11,3.26336E+11,1.05518E+12,2014,4.084554466
VCB,Ngân hàng TMCP Ngoại thương Việt Nam,HoSE,Trung gian tín dụng và các hoạt động liên quan,2014,104.09,3937856,8.32339E+12,3.16254E+14,5.76996E+14,4.32378E+13,4.22204E+14,5.33524E+14,4.3324E+13,1.17542E+13,1.54985E+11,6.85093E+12,4.58477E+12,2.1357E+12,1.77077E+12,3.55221E+12,2014,4.084554466
VIB,Ngân hàng TMCP Quốc tế Việt Nam,HoSE,Trung gian tín dụng và các hoạt động liên quan,2014,104.09,3937856,6.37522E+11,3.72896E+13,8.0661E+13,1.97611E+13,4.90519E+13,7.21607E+13,8.50026E+12,2.29289E+12,85140000000,1.63371E+12,5.2267E+11,1.19226E+11,3.19623E+11,5.21038E+11,2014,4.084554466
VPB,Ngân hàng TMCP Việt Nam Thịnh Vượng,HoSE,Trung gian tín dụng và các hoạt động liên quan,2014,104.09,3937856,1.35803E+12,7.72557E+13,1.63241E+14,2.62282E+13,1.08354E+14,1.54261E+14,8.98029E+12,5.29109E+12,2.53363E+11,3.68298E+12,1.25359E+12,7.66633E+11,7.06443E+11,5.15866E+11,2014,4.084554466
ACB,Ngân hàng TMCP Á Châu,HoSE,Trung gian tín dụng và các hoạt động liên quan,2013,109.6,3584262,2.04349E+12,1.05642E+14,1.66599E+14,7.79378E+12,1.38111E+14,1.54095E+14,1.25042E+13,4.38641E+12,44938000000,3.7594E+12,8.26493E+11,6.56978E+11,4.63358E+11,2.12253E+12,2013,6.592674759
BAB,Ngân hàng TMCP Bắc Á,HNX,Trung gian tín dụng và các hoạt động liên quan,2013,109.6,3584262,4.44281E+11,2.92447E+13,5.03077E+13,3.49725E+12,4.24076E+13,4.69958E+13,3.3119E+12,1.22964E+12,3958759737,6.81486E+11,1.92297E+11,2.24535E+11,46611124496,4.12921E+11,2013,6.592674759
BID,Ngân hàng TMCP Đầu tư và Phát triển Việt Nam,HoSE,Trung gian tín dụng và các hoạt động liên quan,2013,109.6,3584262,3.86266E+12,3.8489E+14,5.48386E+14,4.77986E+13,3.38902E+14,5.16094E+14,3.204E+13,1.39501E+13,9.16711E+11,7.43648E+12,4.05101E+12,3.94637E+12,6.83715E+11,4.20928E+12,2013,6.592674759
CTG,Ngân hàng TMCP Công Thương Việt Nam,HoSE,Trung gian tín dụng và các hoạt động liên quan,2013,109.6,3584262,2.8335E+12,3.72989E+14,5.76368E+14,8.04647E+13,3.64497E+14,5.22081E+14,5.40747E+13,1.82773E+13,4.36531E+11,9.90965E+12,5.80798E+12,5.15442E+11,1.0058E+12,2.24905E+12,2013,6.592674759
EIB,Ngân hàng TMCP Xuất nhập khẩu Việt Nam,HoSE,Trung gian tín dụng và các hoạt động liên quan,2013,109.6,3584262,1.48022E+12,8.26433E+13,1.69835E+14,6.57666E+13,7.94724E+13,1.55155E+14,1.46803E+13,2.73634E+12,1.15974E+11,2.12073E+12,6.58706E+11,2.69456E+11,3.08948E+11,1.0738E+12,2013,6.592674759
HDB,Ngân hàng TMCP Phát triển TP. HCM,HoSE,Trung gian tín dụng và các hoạt động liên quan,2013,109.6,3584262,6.32025E+11,4.3333E+13,8.62266E+13,1.12893E+13,6.23839E+13,7.76271E+13,8.59955E+12,3.09373E+11,13115092352,1.11846E+12,2.17596E+11,4.02052E+11,2.21574E+11,9.2946E+11,2013,6.592674759
MBB,Ngân hàng TMCP Quân Đội,HoSE,Trung gian tín dụng và các hoạt động liên quan,2013,109.6,3584262,1.03467E+12,8.59728E+13,1.80381E+14,2.1423E+13,1.36089E+14,1.64674E+14,1.51482E+13,6.12437E+12,29462844768,2.74647E+12,2.28572E+12,6.53037E+11,6.7437E+11,8.18668E+11,2013,6.592674759
NVB,Ngân hàng TMCP Quốc Dân,HNX,Trung gian tín dụng và các hoạt động liên quan,2013,109.6,3584262,1.77721E+11,1.32663E+13,2.90744E+13,5.00855E+12,1.83769E+13,2.58708E+13,3.20354E+12,5.9604E+11,39495072308,6.18141E+11,18454083665,2.60247E+11,1.19024E+11,4.3832E+11,2013,6.592674759
SHB,Ngân hàng TMCP Sài Gòn - Hà Nội,HoSE,Trung gian tín dụng và các hoạt động liên quan,2013,109.6,3584262,5.41115E+11,7.53221E+13,1.43626E+14,2.06854E+13,9.0761E+13,1.33267E+14,1.03557E+13,2.10406E+12,28670000000,1.86087E+12,8.4977E+11,1.44391E+11,4.3485E+11,2.52455E+12,2013,6.592674759
SSB,Ngân hàng TMCP Đông Nam Á,HoSE,Trung gian tín dụng và các hoạt động liên quan,2013,109.6,3584262,4.64659E+11,2.0423E+13,7.98644E+13,3.37614E+13,3.61834E+13,7.41381E+13,5.72637E+12,8.62122E+11,2296000000,8.01158E+11,1.51697E+11,1.4634E+11,1.07706E+11,3.18548E+11,2013,6.592674759
STB,Ngân hàng TMCP Sài Gòn Thương Tín,HoSE,Trung gian tín dụng và các hoạt động liên quan,2013,109.6,3584262,4.22878E+12,1.09214E+14,1.61378E+14,5.00721E+12,1.31645E+14,1.44314E+14,1.70637E+13,6.62744E+12,35235000000,4.20602E+12,2.22911E+12,1.69732E+11,4.22252E+11,1.01797E+12,2013,6.592674759
TCB,Ngân hàng TMCP Kỹ thương Việt Nam,HoSE,Trung gian tín dụng và các hoạt động liên quan,2013,109.6,3584262,2.29149E+12,6.90887E+13,1.58897E+14,1.5225E+13,1.19978E+14,1.44977E+14,1.39201E+13,4.33566E+12,3.24514E+11,3.35567E+12,6.59071E+11,5.32325E+11,1.12885E+12,9.89497E+11,2013,6.592674759
VCB,Ngân hàng TMCP Ngoại thương Việt Nam,HoSE,Trung gian tín dụng và các hoạt động liên quan,2013,109.6,3584262,6.05967E+12,2.67863E+14,4.68994E+14,4.40443E+13,3.32246E+14,4.26458E+14,4.23861E+13,1.07824E+13,93294000000,6.24406E+12,4.37758E+12,2.71357E+12,1.96979E+12,2.792E+12,2013,6.592674759
VIB,Ngân hàng TMCP Quốc tế Việt Nam,HoSE,Trung gian tín dụng và các hoạt động liên quan,2013,109.6,3584262,5.72546E+11,3.43131E+13,7.68747E+13,1.90363E+13,4.32394E+13,6.8892E+13,7.98263E+12,1.93566E+12,96743000000,1.5615E+12,50248000000,5.27883E+11,1.79587E+11,2.8645E+11,2013,6.592674759
VPB,Ngân hàng TMCP Việt Nam Thịnh Vượng,HoSE,Trung gian tín dụng và các hoạt động liên quan,2013,109.6,3584262,1.54935E+12,5.18694E+13,1.21264E+14,1.31341E+13,8.38438E+13,1.13538E+14,7.7267E+12,4.08259E+12,17227000000,2.83786E+12,1.01762E+12,5.94869E+11,4.74208E+11,4.05219E+11,2013,6.592674759
ACB,Ngân hàng TMCP Á Châu,HoSE,Trung gian tín dụng và các hoạt động liên quan,2012,109.21,3245419,7.09631E+12,1.01313E+14,1.76308E+14,1.37488E+13,1.25234E+14,1.63683E+14,1.26245E+13,6.87093E+12,96133000000,4.27066E+12,7.8404E+11,7.47218E+11,6.73361E+11,1.15039E+12,2012,9.094703396
BAB,Ngân hàng TMCP Bắc Á,HNX,Trung gian tín dụng và các hoạt động liên quan,2012,109.21,3245419,6.82336E+11,2.20561E+13,3.37383E+13,9.18974E+11,2.90288E+13,3.05913E+13,3.14699E+12,6.8609E+11,767552523,5.95695E+11,34581115303,3.41932E+11,1.17744E+11,8.04091E+11,2012,9.094703396
BID,Ngân hàng TMCP Đầu tư và Phát triển Việt Nam,HoSE,Trung gian tín dụng và các hoạt động liên quan,2012,109.21,3245419,3.29507E+12,3.34009E+14,4.84785E+14,3.95502E+13,3.0306E+14,4.58081E+14,2.64944E+13,9.20821E+12,4.07844E+11,4.574E+12,2.57194E+12,5.85712E+12,8.2484E+11,2.47903E+12,2012,9.094703396
CTG,Ngân hàng TMCP Công Thương Việt Nam,HoSE,Trung gian tín dụng và các hoạt động liên quan,2012,109.21,3245419,2.51111E+12,3.29683E+14,5.0353E+14,9.68148E+13,2.89105E+14,4.6969E+14,3.36245E+13,1.842E+13,1.44977E+11,9.43567E+12,6.16968E+12,9.94983E+11,1.78907E+12,2.10594E+12,2012,9.094703396
EIB,Ngân hàng TMCP Xuất nhập khẩu Việt Nam,HoSE,Trung gian tín dụng và các hoạt động liên quan,2012,109.21,3245419,1.32098E+13,7.4316E+13,1.70156E+14,5.80464E+13,7.04583E+13,1.54344E+14,1.58122E+13,4.90146E+12,2.97013E+11,2.29696E+12,2.13866E+12,49932000000,1.44889E+11,7.92803E+11,2012,9.094703396
HDB,Ngân hàng TMCP Phát triển TP. HCM,HoSE,Trung gian tín dụng và các hoạt động liên quan,2012,109.21,3245419,8.07468E+11,2.09524E+13,5.27828E+13,7.89537E+12,3.42619E+13,4.73891E+13,5.39375E+12,8.50073E+11,29633018777,7.96522E+11,3.26431E+11,3.54754E+11,1.16906E+11,25899700000,2012,9.094703396
MBB,Ngân hàng TMCP Quân Đội,HoSE,Trung gian tín dụng và các hoạt động liên quan,2012,109.21,3245419,8.64943E+11,7.31658E+13,1.7561E+14,3.05121E+13,1.17747E+14,1.6208E+14,1.28639E+13,6.60256E+12,-1.9707E+11,2.69666E+12,2.32004E+12,2.99127E+11,4.32905E+11,6.39607E+11,2012,9.094703396
NVB,Ngân hàng TMCP Quốc Dân,HNX,Trung gian tín dụng và các hoạt động liên quan,2012,109.21,3245419,2.00574E+11,1.26671E+13,2.15852E+13,95632151146,1.22729E+13,1.84003E+13,3.18491E+12,7.32411E+11,2524134903,6.50494E+11,2174268036,2.44255E+11,1.15755E+11,3.66698E+11,2012,9.094703396
SHB,Ngân hàng TMCP Sài Gòn - Hà Nội,HoSE,Trung gian tín dụng và các hoạt động liên quan,2012,109.21,3245419,4.84887E+11,5.56893E+13,1.16538E+14,2.17773E+13,7.75985E+13,1.07029E+14,9.50605E+12,1.87553E+12,32120000000,1.67899E+12,1.68724E+12,1.03082E+12,1.77418E+12,2.20947E+12,2012,9.094703396
SSB,Ngân hàng TMCP Đông Nam Á,HoSE,Trung gian tín dụng và các hoạt động liên quan,2012,109.21,3245419,4.15603E+11,1.62301E+13,7.50667E+13,3.13695E+13,3.14468E+13,6.94846E+13,5.58211E+12,1.15808E+12,3030000000,9.49149E+11,52744000000,1.04081E+11,1.05091E+11,2.86502E+11,2012,9.094703396
STB,Ngân hàng TMCP Sài Gòn Thương Tín,HoSE,Trung gian tín dụng và các hoạt động liên quan,2012,109.21,3245419,9.70374E+12,9.48878E+13,1.52119E+14,4.73053E+12,1.07459E+14,1.3842E+14,1.36987E+13,6.49718E+12,1.76891E+11,4.15424E+12,1.00237E+12,3.12084E+11,7.6421E+11,8.9678E+11,2012,9.094703396
TCB,Ngân hàng TMCP Kỹ thương Việt Nam,HoSE,Trung gian tín dụng và các hoạt động liên quan,2012,109.21,3245419,4.52919E+12,6.71363E+13,1.79934E+14,3.91704E+13,1.11462E+14,1.66644E+14,1.32896E+13,5.11557E+12,2.56233E+11,3.29404E+12,7.65686E+11,4.47898E+11,8.48623E+11,8.83519E+11,2012,9.094703396
TPB,Ngân hàng TMCP Tiên Phong,HoSE,Trung gian tín dụng và các hoạt động liên quan,2012,109.21,3245419,65320769847,5.99036E+12,1.51204E+13,7.62944E+11,9.26993E+12,1.18014E+13,3.31901E+12,2.74618E+11,41128451790,3.25552E+11,1.16353E+11,31954945539,1.0437E+11,86466125461,2012,9.094703396
VCB,Ngân hàng TMCP Ngoại thương Việt Nam,HoSE,Trung gian tín dụng và các hoạt động liên quan,2012,109.21,3245419,5.62731E+12,2.35889E+14,4.14488E+14,3.40664E+13,2.85382E+14,3.7279E+14,4.15469E+13,1.09411E+13,1.32155E+11,6.01311E+12,4.42099E+12,3.12613E+12,1.21372E+12,1.45146E+12,2012,9.094703396
VPB,Ngân hàng TMCP Việt Nam Thịnh Vượng,HoSE,Trung gian tín dụng và các hoạt động liên quan,2012,109.21,3245419,7.99402E+11,3.65231E+13,1.02576E+14,2.56557E+13,5.95141E+13,9.59393E+13,6.63702E+12,2.96716E+12,23953000000,1.88078E+12,6.43394E+11,2.57505E+11,5.54257E+11,1.91525E+11,2012,9.094703396
